Time (s) Phone,Acceleration y (m/s^2) Phone,Time (s) Phone+Weight,Acceleration y (m/s^2) Phone+Weight,,
-0.000236042,0.262254639,0.001683958,0.207169189,,
0.009745958,0.260458374,0.011665958,0.20237915,,
0.019728958,0.265847168,0.021647958,0.201930084,,
0.029710958,0.259410553,0.031629958,0.188607788,,
0.039692958,0.255518646,0.041611958,0.186811523,,
0.049675958,0.249082031,0.051594083,0.195343781,,
0.059657958,0.254470825,0.061577083,0.194295959,,
0.069640958,0.266595612,0.071559083,0.196092224,,
0.079622958,0.261206818,0.081541083,0.192799072,,
0.089605958,0.272882538,0.091523083,0.193846893,,
0.099587958,0.254470825,0.101505083,0.196092224,,
0.109570958,0.259560242,0.111487083,0.204325104,,
0.119552958,0.263452148,0.121469083,0.202528839,,
0.129534958,0.269439697,0.131451083,0.198038177,,
0.139517958,0.25970993,0.141433083,0.203277283,,
0.149499958,0.268840942,0.151415083,0.206420746,,
0.159482958,0.23875351,0.161397083,0.198786621,,
0.169464958,0.261805573,0.171379083,0.201780396,,
0.179447958,0.273181915,0.181361083,0.192948761,,
0.189429958,0.276026001,0.191343083,0.195194092,,
0.199412958,0.252973938,0.201326083,0.193248138,,
0.209394958,0.254919891,0.211308083,0.203127594,,
0.219376958,0.256716156,0.221290083,0.208666077,,
0.229359958,0.27378067,0.231272083,0.188458099,,
0.239341958,0.269290009,0.241254083,0.193248138,,
0.249324958,0.265398102,0.251236083,0.199984131,,
0.259306958,0.256865845,0.261218083,0.198337555,,
0.269289958,0.267044678,0.271200083,0.204175415,,
0.279271958,0.265098724,0.281182083,0.197289734,,
0.289254958,0.26914032,0.291164083,0.21061203,,
0.299236958,0.271834717,0.301146083,0.201630707,,
0.309218958,0.271685028,0.311128083,0.209264832,,
0.319201958,0.25506958,0.321110083,0.246387634,,
0.329183958,0.260158997,0.331092083,0.374820557,,
0.339166958,0.261206818,0.341075083,0.264050903,,
0.349148958,0.265098724,0.351057083,1.992805939,,
0.359131958,0.279468842,0.361039083,2.901117096,,
0.369113958,0.257314911,0.371021083,3.244952087,,
0.379096958,0.252674561,0.381003083,4.315675507,,
0.389078958,0.262853394,0.390985083,6.302194519,,
0.399060958,0.27961853,0.400967083,6.502927094,,
0.409043958,0.263601837,0.410949083,6.254892883,,
0.419025958,0.260158997,0.420931083,6.153403931,,
0.429008958,0.266445923,0.430913083,6.158643036,,
0.438990958,0.274080048,0.440895083,6.14172821,,
0.448973958,0.29129425,0.450877083,6.084696808,,
0.458955958,0.675694885,0.460859083,5.962999878,,
0.468937958,0.167801056,0.470841083,5.798641663,,
0.478920958,0.661324768,0.480823083,5.667963409,,
0.488902958,3.505709839,0.490806083,5.597909088,,
0.498885958,8.301586761,0.500788083,5.546715546,,
0.508867958,10.09979736,0.510770083,5.307962036,,
0.518850958,10.12015503,0.520752083,5.058880005,,
0.528832958,9.882299652,0.530734083,4.876708832,,
0.538815958,9.47888855,0.540716083,4.821473694,,
0.548797958,9.217831421,0.550698083,4.61595108,,
0.558779958,8.74990448,0.560680083,4.386777649,,
0.568762958,8.224946136,0.570662083,4.21119278,,
0.578744958,7.680079193,0.580644083,3.976181488,,
0.588727958,7.04270462,0.590626083,3.814667358,,
0.598709958,6.41206604,0.600608083,3.622017975,,
0.608692958,5.64805481,0.610590083,3.279829559,,
0.618674958,4.854554901,0.620572083,3.099005585,,
0.628657958,4.038601685,0.630554083,2.84333725,,
0.638639958,3.134332123,0.640537083,2.540367279,,
0.648621958,2.292482758,0.650519083,2.162552948,,
0.658604958,1.387015686,0.660501083,1.859882355,,
0.668586958,0.509690094,0.670483083,1.70360733,,
0.678569958,-0.393681335,0.680465083,1.392554169,,
0.688551958,-1.128802643,0.690447083,0.975371704,,
0.698534958,-1.797911224,0.700429083,0.611628113,,
0.708517708,-2.327060852,0.710411083,0.104782104,,
0.718500708,-2.372865601,0.720393083,-0.209564209,,
0.728482708,-2.358645172,0.730375083,-0.518521729,,
0.738464708,-2.303410034,0.740357083,-0.916843414,,
0.748447708,-2.293081512,0.750339083,-1.451082458,,
0.758429708,-2.326462097,0.760321083,-1.803749084,,
0.768412708,-2.344125366,0.770303083,-2.205064545,,
0.778394708,-2.345173187,0.780286083,-2.313738556,,
0.788377708,-2.377206573,0.790268083,-2.309397583,,
0.798359708,-2.381846924,0.800250083,-2.363435211,,
0.808341708,-2.367925873,0.810232083,-2.357447662,,
0.818324708,-2.309098206,0.820214083,-2.340233459,,
0.828306708,-2.299069061,0.830196083,-2.407593384,,
0.838289708,-2.249372406,0.840178083,-2.433190155,,
0.848271708,-2.275118866,0.850160083,-2.314037933,,
0.858254708,-2.197580109,0.860142083,-1.372645569,,
0.868236708,-2.130519562,0.870124083,-2.858156433,,
0.878219708,-2.145488434,0.880106083,-2.777025146,,
0.888201708,-2.271526337,0.890088083,-2.474204865,,
0.898183708,-2.412982178,0.900070083,-2.396965485,,
0.908166708,-2.346520386,0.910052083,-2.65263382,,
0.918148708,-2.293979645,0.920034083,-2.592009888,,
0.928131708,-2.340083771,0.930017083,-2.238594818,,
0.938113708,-2.335742798,0.939999083,-2.287992096,,
0.948096708,-2.212548981,0.949981083,-2.297572174,,
0.958078708,-2.155367889,0.959963083,-2.246827698,,
0.968060708,-2.080074463,0.969945083,-2.292632446,,
0.978043708,-2.113005981,0.979927083,-2.258802795,,
0.988025708,-2.101779327,0.989909083,-2.283202057,,
0.998008708,-2.129621429,0.999891083,-2.271226959,,
1.007990708,-2.17991684,1.009873083,-2.29682373,,
1.017973708,-2.151326294,1.019855083,-2.369722137,,
1.027955708,-2.159259796,1.029837083,-2.160756683,,
1.037938708,-2.142195282,1.039819083,-2.205513611,,
1.047920708,-2.114652557,1.049801083,-2.270478516,,
1.057902708,-2.061363373,1.059783083,-2.138453064,,
1.067885708,-2.016456757,1.069766083,-2.145488434,,
1.077867708,-2.010469208,1.079748083,-2.110311584,,
1.087850708,-1.998793488,1.089730083,-2.11195816,,
1.097832708,-1.973496094,1.099712083,-2.134561157,,
1.107815708,-1.946402435,1.109694083,-2.231110382,,
1.117797708,-1.91781189,1.119676083,-2.186353455,,
1.127779708,-1.882335663,1.129658083,-2.201621704,,
1.137762708,-1.813927917,1.139640083,-2.224673767,,
1.147744708,-1.601519623,1.149622083,-2.195334778,,
1.157727708,0.076940002,1.159604083,-2.155068512,,
1.167709708,1.2063414,1.169586083,-2.177222443,,
1.177692708,0.126486969,1.179568083,-2.178569641,,
1.187674708,0.335602112,1.189550083,-2.174827423,,
1.197657708,0.326321411,1.199532083,-2.14833252,,
1.207639708,0.309406586,1.209514083,-2.084265747,,
1.217621708,0.311352539,1.219496083,-2.100132751,,
1.227604708,0.316441956,1.229479083,-2.091899872,,
1.237586708,0.316441956,1.239461083,-2.074985046,,
1.247569708,0.310304718,1.249443083,-2.069596252,,
1.257551708,0.318387909,1.259425083,-2.057621155,,
1.267534708,0.311651917,1.269407083,-2.021695862,,
1.277516708,0.318687286,1.279389083,-1.999541931,,
1.287498708,0.308059387,1.289371083,-1.989063721,,
1.297481708,0.315394135,1.299353083,-1.941313019,,
1.307463708,0.313148804,1.309335083,-1.892664185,,
1.317446708,0.324525146,1.319317083,-1.562899933,,
1.327428708,0.30776001,1.329299083,0.377065887,,
1.337411708,0.311801605,1.339281083,0.22932312,,
1.347393708,0.307610321,1.349263083,0.182620239,,
1.357375708,0.313747559,1.359245083,0.222437439,,
1.367358708,0.328866119,1.369227083,0.224084015,,
1.377340708,0.330812073,1.379210083,0.217198334,,
1.387323708,0.328117676,1.389192083,0.227227478,,
1.397305708,0.316741333,1.399174083,0.234412537,,
1.407288708,0.314645691,1.409156083,0.23516098,,
1.417270708,0.31704071,1.419138083,0.234113159,,
1.427252708,0.309855652,1.429120083,0.232017517,,
1.437235708,0.309406586,1.439102083,0.238903198,,
1.447217708,0.311801605,1.449084083,0.249381409,,
1.457200708,0.330812073,1.459066083,0.213456116,,
1.467182708,0.313448181,1.469048083,0.230370941,,
1.477165708,0.312849426,1.479030083,0.22932312,,
1.487147708,0.31240036,1.489012083,0.230670319,,
1.497130708,0.321082306,1.498994083,0.224832458,,
1.507112708,0.316292267,1.508976083,0.223185883,,
1.517094708,0.310155029,1.518959083,0.225580902,,
1.527077708,0.311801605,1.528941083,0.225431213,,
1.537059708,0.317938843,1.538923083,0.228724365,,
1.547042708,0.314945068,1.548905083,0.227377167,,
1.557024708,0.330662384,1.558887083,0.230370941,,
1.567007708,0.323327637,1.568869083,0.239501953,,
1.576989708,0.320333862,1.578851083,0.233065338,,
1.586971708,0.310604095,1.588833083,0.234262848,,
1.596954708,0.326171722,1.598815083,0.230221252,,
1.606936708,0.326171722,1.608797083,0.2468367,,
1.616919708,0.315094757,1.618779083,0.232167206,,
1.626901708,0.315543823,1.628761083,0.215851135,,
1.636884708,0.321681061,1.638743083,0.229622498,,
1.646866708,0.32527359,1.648725083,0.220940552,,
1.656848708,0.294587402,1.658707083,0.217198334,,
1.666831708,0.325572968,1.668690083,0.219293976,,
1.676813708,0.2667453,1.678672083,0.22348526,,
1.686796708,0.377664642,1.688654083,0.233514404,,
1.696778708,0.298778687,1.698636083,0.225131836,,
1.706760958,0.274678802,1.708618083,0.238154755,,
1.716742958,0.296383667,1.718600083,0.242795105,,
1.726724958,0.186212769,1.728582083,0.230370941,,
1.736707958,0.192799072,1.738564083,0.237855377,,
1.746689958,0.581690369,1.748546083,0.234262848,,
1.756672958,0.287552032,1.758528083,0.232765961,,
,,1.768510083,0.223036194,,
,,1.778492083,0.229772186,,
,,1.788474083,0.232316895,,
,,1.798456083,0.224084015,,
,,1.808438083,0.233065338,,
,,1.818421083,0.23171814,,
,,1.828403083,0.222587128,,
,,1.838385083,0.235759735,,
,,1.848367083,0.232915649,,
,,1.858349083,0.237705688,,
,,1.868331083,0.23052063,,
,,1.878313083,0.242346039,,
,,1.888295083,0.233813782,,
,,1.898277083,0.226628723,,
,,1.908259083,0.237256622,,
,,1.918241083,0.223185883,,
,,1.928223083,0.229023743,,
,,1.938205083,0.226928101,,
,,1.948187083,0.22932312,,
,,1.958169083,0.221539307,,
,,1.968152083,0.231867828,,
,,1.978134083,0.232765961,,
,,1.988116083,0.230071564,,
,,1.998098083,0.235011292,,